event,event_file_tag,central_date,platform,geomagnetic_index,window_h,lag_h,source_figure,collected_figure,sha256
2017/2018 NH SSW,2017-2018_NH_SSW,2018-02-12,SWARM-A,ap-3hour,24,0,reports/daily_Ap_ap_ap60_linear_detrending/figures/SSW_2018_NH_SWARM_A_ap_3hour.png,reports/linear_detrending/figures/2017-2018_NH_SSW_SWARM-A_ap-3hour_linear-detrending.png,f490378fa92d88634e2868b61fe2a6f3f74b1eedbbdbd1c75cbf9d728c861b29
2017/2018 NH SSW,2017-2018_NH_SSW,2018-02-12,SWARM-A,ap30-30min,6,6,reports/ap30_linear_detrending_all_ssw/figures/2017-2018_NH_SSW_SWARM-A_ap30_linear_detrending.png,reports/linear_detrending/figures/2017-2018_NH_SSW_SWARM-A_ap30-30min_linear-detrending.png,aae6254b2c40ffdf3ed9ec41ea98e6abdb466af00c4ab0e598d6bbe45ced4338
2017/2018 NH SSW,2017-2018_NH_SSW,2018-02-12,SWARM-A,ap60-1hour,24,1,reports/daily_Ap_ap_ap60_linear_detrending/figures/SSW_2018_NH_SWARM_A_ap60_1hour.png,reports/linear_detrending/figures/2017-2018_NH_SSW_SWARM-A_ap60-1hour_linear-detrending.png,e532b72a11680ef516446bd54f8a31a2cff4c5d453b412a9a0abff11bbe3b0ba
2017/2018 NH SSW,2017-2018_NH_SSW,2018-02-12,SWARM-A,daily-Ap,24,0,reports/daily_Ap_ap_ap60_linear_detrending/figures/SSW_2018_NH_SWARM_A_daily_Ap.png,reports/linear_detrending/figures/2017-2018_NH_SSW_SWARM-A_daily-Ap_linear-detrending.png,64d89a307df73c541bf27dac078470ebca2b968f97863daf16a65789e77e73c6
2017/2018 NH SSW,2017-2018_NH_SSW,2018-02-12,SWARM-B,ap-3hour,24,0,reports/daily_Ap_ap_ap60_linear_detrending/figures/SSW_2018_NH_SWARM_B_ap_3hour.png,reports/linear_detrending/figures/2017-2018_NH_SSW_SWARM-B_ap-3hour_linear-detrending.png,df8bf343c0a609ea35ff662151dda49f0280cc94e00363f587f5c9e20f16f5ba
2017/2018 NH SSW,2017-2018_NH_SSW,2018-02-12,SWARM-B,ap30-30min,6,6,reports/ap30_linear_detrending_all_ssw/figures/2017-2018_NH_SSW_SWARM-B_ap30_linear_detrending.png,reports/linear_detrending/figures/2017-2018_NH_SSW_SWARM-B_ap30-30min_linear-detrending.png,f473079a1d12c377b1b72925de99469a400cbc308570ae9d277acdc49664e68a
2017/2018 NH SSW,2017-2018_NH_SSW,2018-02-12,SWARM-B,ap60-1hour,24,1,reports/daily_Ap_ap_ap60_linear_detrending/figures/SSW_2018_NH_SWARM_B_ap60_1hour.png,reports/linear_detrending/figures/2017-2018_NH_SSW_SWARM-B_ap60-1hour_linear-detrending.png,466e2498f1d470c01f8de2698aa248f9ddc2359df1e19eddee97618c1b221a80
2017/2018 NH SSW,2017-2018_NH_SSW,2018-02-12,SWARM-B,daily-Ap,24,0,reports/daily_Ap_ap_ap60_linear_detrending/figures/SSW_2018_NH_SWARM_B_daily_Ap.png,reports/linear_detrending/figures/2017-2018_NH_SSW_SWARM-B_daily-Ap_linear-detrending.png,e2e12b4ee6b90833916e820ba215a187169077352fb7f76f643104f690a880ea
2017/2018 NH SSW,2017-2018_NH_SSW,2018-02-12,SWARM-C,ap-3hour,24,0,reports/daily_Ap_ap_ap60_linear_detrending/figures/SSW_2018_NH_SWARM_C_ap_3hour.png,reports/linear_detrending/figures/2017-2018_NH_SSW_SWARM-C_ap-3hour_linear-detrending.png,046bffb1b680f6054e26337fd26734a58e45319a44b55389e04c7127d6f7442a
2017/2018 NH SSW,2017-2018_NH_SSW,2018-02-12,SWARM-C,ap30-30min,6,6,reports/ap30_linear_detrending_all_ssw/figures/2017-2018_NH_SSW_SWARM-C_ap30_linear_detrending.png,reports/linear_detrending/figures/2017-2018_NH_SSW_SWARM-C_ap30-30min_linear-detrending.png,3fa197de75393884840118828c31cc5f3d31665a65e75c3ef932ea15df7cb419
2017/2018 NH SSW,2017-2018_NH_SSW,2018-02-12,SWARM-C,ap60-1hour,24,1,reports/daily_Ap_ap_ap60_linear_detrending/figures/SSW_2018_NH_SWARM_C_ap60_1hour.png,reports/linear_detrending/figures/2017-2018_NH_SSW_SWARM-C_ap60-1hour_linear-detrending.png,9286f1c192a0d58e15209fc7aeb0476a5a07c6d06b26837d9288f89b40491aea
2017/2018 NH SSW,2017-2018_NH_SSW,2018-02-12,SWARM-C,daily-Ap,24,0,reports/daily_Ap_ap_ap60_linear_detrending/figures/SSW_2018_NH_SWARM_C_daily_Ap.png,reports/linear_detrending/figures/2017-2018_NH_SSW_SWARM-C_daily-Ap_linear-detrending.png,896a729fc6d158cde67b5e078b34e10285ae6d3691bfd86220a059643ecd8fd9
2018/2019 NH SSW,2018-2019_NH_SSW,2019-01-02,SWARM-A,ap-3hour,24,0,reports/2018_2019_NH_SSW/three_index_linear_detrending/figures/SSW_2018_2019_NH_SWARM_A_ap_3hour.png,reports/linear_detrending/figures/2018-2019_NH_SSW_SWARM-A_ap-3hour_linear-detrending.png,b186f35cbb8f6ad7c754544f08348f99d2f734bb5d13e5d45fc5b25dee582ca9
2018/2019 NH SSW,2018-2019_NH_SSW,2019-01-02,SWARM-A,ap30-30min,6,6,reports/ap30_linear_detrending_all_ssw/figures/2018-2019_NH_SSW_SWARM-A_ap30_linear_detrending.png,reports/linear_detrending/figures/2018-2019_NH_SSW_SWARM-A_ap30-30min_linear-detrending.png,bfcb8e3da613e6bd0752b618f44240e5862110f35214cdd7ed699435949665ff
2018/2019 NH SSW,2018-2019_NH_SSW,2019-01-02,SWARM-A,ap60-1hour,24,1,reports/2018_2019_NH_SSW/three_index_linear_detrending/figures/SSW_2018_2019_NH_SWARM_A_ap60_1hour.png,reports/linear_detrending/figures/2018-2019_NH_SSW_SWARM-A_ap60-1hour_linear-detrending.png,0e6729bcab811bb0a9795cc8f350b990ec0bc76f1b53ac9b1a0f6e79da4876fb
2018/2019 NH SSW,2018-2019_NH_SSW,2019-01-02,SWARM-A,daily-Ap,24,0,reports/2018_2019_NH_SSW/three_index_linear_detrending/figures/SSW_2018_2019_NH_SWARM_A_daily_Ap.png,reports/linear_detrending/figures/2018-2019_NH_SSW_SWARM-A_daily-Ap_linear-detrending.png,0358b078f549b42d598516a937da42bc153cedc6a009c93629cae983ed57b68a
2018/2019 NH SSW,2018-2019_NH_SSW,2019-01-02,SWARM-B,ap-3hour,24,0,reports/2018_2019_NH_SSW/three_index_linear_detrending/figures/SSW_2018_2019_NH_SWARM_B_ap_3hour.png,reports/linear_detrending/figures/2018-2019_NH_SSW_SWARM-B_ap-3hour_linear-detrending.png,2576d1b07f6ce16ff17e7cccbb1dbbf8d2ab2a2b61a7ce99c8dc44d8880030ba
2018/2019 NH SSW,2018-2019_NH_SSW,2019-01-02,SWARM-B,ap30-30min,6,6,reports/ap30_linear_detrending_all_ssw/figures/2018-2019_NH_SSW_SWARM-B_ap30_linear_detrending.png,reports/linear_detrending/figures/2018-2019_NH_SSW_SWARM-B_ap30-30min_linear-detrending.png,6546cd31b11fc126bf8e0e01c4a09114782eba92d3a5c315c6d660e7643305b9
2018/2019 NH SSW,2018-2019_NH_SSW,2019-01-02,SWARM-B,ap60-1hour,24,1,reports/2018_2019_NH_SSW/three_index_linear_detrending/figures/SSW_2018_2019_NH_SWARM_B_ap60_1hour.png,reports/linear_detrending/figures/2018-2019_NH_SSW_SWARM-B_ap60-1hour_linear-detrending.png,b35ddab10d15be8b6319a652516c0e2c998603ecee0ee8aa43d1a5d6bde89cdd
2018/2019 NH SSW,2018-2019_NH_SSW,2019-01-02,SWARM-B,daily-Ap,24,0,reports/2018_2019_NH_SSW/three_index_linear_detrending/figures/SSW_2018_2019_NH_SWARM_B_daily_Ap.png,reports/linear_detrending/figures/2018-2019_NH_SSW_SWARM-B_daily-Ap_linear-detrending.png,d2d19b9f088d9c1d3e62578f21d97abee1165d814cf39f39b9c014ae81bacb02
2018/2019 NH SSW,2018-2019_NH_SSW,2019-01-02,SWARM-C,ap-3hour,24,0,reports/2018_2019_NH_SSW/three_index_linear_detrending/figures/SSW_2018_2019_NH_SWARM_C_ap_3hour.png,reports/linear_detrending/figures/2018-2019_NH_SSW_SWARM-C_ap-3hour_linear-detrending.png,409287bdd7a6dfd01d4f83cdf8e9aa9624a6519c03df40791a8e8fcb6816ce30
2018/2019 NH SSW,2018-2019_NH_SSW,2019-01-02,SWARM-C,ap30-30min,6,6,reports/ap30_linear_detrending_all_ssw/figures/2018-2019_NH_SSW_SWARM-C_ap30_linear_detrending.png,reports/linear_detrending/figures/2018-2019_NH_SSW_SWARM-C_ap30-30min_linear-detrending.png,41d67f3ddec96b4d2e849c9dce1cb5a17214f2ed67f05799f78c62a3c55ac5bb
2018/2019 NH SSW,2018-2019_NH_SSW,2019-01-02,SWARM-C,ap60-1hour,24,1,reports/2018_2019_NH_SSW/three_index_linear_detrending/figures/SSW_2018_2019_NH_SWARM_C_ap60_1hour.png,reports/linear_detrending/figures/2018-2019_NH_SSW_SWARM-C_ap60-1hour_linear-detrending.png,f676ba635b66130ed65ff1cddef2b933fc35ade8a422ecbecadc797043d7b469
2018/2019 NH SSW,2018-2019_NH_SSW,2019-01-02,SWARM-C,daily-Ap,24,0,reports/2018_2019_NH_SSW/three_index_linear_detrending/figures/SSW_2018_2019_NH_SWARM_C_daily_Ap.png,reports/linear_detrending/figures/2018-2019_NH_SSW_SWARM-C_daily-Ap_linear-detrending.png,00891792d74f92a31cb2215a7922f2f07e2a90b00814c996b196e899eaef1644
2019 SH SSW,2019_SH_SSW,2019-09-19,SWARM-A,ap-3hour,24,0,reports/daily_Ap_ap_ap60_linear_detrending/figures/SSW_2019_SH_SWARM_A_ap_3hour.png,reports/linear_detrending/figures/2019_SH_SSW_SWARM-A_ap-3hour_linear-detrending.png,2f104f7e09c9b2700ddbef6d345b31252176b7a3d6f3985eacfe634b8a7dea4d
2019 SH SSW,2019_SH_SSW,2019-09-19,SWARM-A,ap30-30min,6,6,reports/ap30_linear_detrending_all_ssw/figures/2019_SH_SSW_SWARM-A_ap30_linear_detrending.png,reports/linear_detrending/figures/2019_SH_SSW_SWARM-A_ap30-30min_linear-detrending.png,fe46fcac196d3a49c911cb5bf4bec8f479cbe431802f35135b4508afc024f289
2019 SH SSW,2019_SH_SSW,2019-09-19,SWARM-A,ap60-1hour,24,1,reports/daily_Ap_ap_ap60_linear_detrending/figures/SSW_2019_SH_SWARM_A_ap60_1hour.png,reports/linear_detrending/figures/2019_SH_SSW_SWARM-A_ap60-1hour_linear-detrending.png,0ee53e2f33be40892d816df436112c3958a0775f5739f89f971aa10b9d30634b
2019 SH SSW,2019_SH_SSW,2019-09-19,SWARM-A,daily-Ap,24,0,reports/daily_Ap_ap_ap60_linear_detrending/figures/SSW_2019_SH_SWARM_A_daily_Ap.png,reports/linear_detrending/figures/2019_SH_SSW_SWARM-A_daily-Ap_linear-detrending.png,739455e554547ff4e9221ba98612f34c0f14c7313ccc85f527bf1f18e4f4a282
2019 SH SSW,2019_SH_SSW,2019-09-19,SWARM-B,ap-3hour,24,0,reports/daily_Ap_ap_ap60_linear_detrending/figures/SSW_2019_SH_SWARM_B_ap_3hour.png,reports/linear_detrending/figures/2019_SH_SSW_SWARM-B_ap-3hour_linear-detrending.png,ee25fc20da25d332020eef6d7f5d6f594b78d55f1f5d9d25a141f81f0284d758
2019 SH SSW,2019_SH_SSW,2019-09-19,SWARM-B,ap30-30min,6,6,reports/ap30_linear_detrending_all_ssw/figures/2019_SH_SSW_SWARM-B_ap30_linear_detrending.png,reports/linear_detrending/figures/2019_SH_SSW_SWARM-B_ap30-30min_linear-detrending.png,a7223e2100813ffc4df6892231df6f66fe4e12ac659bdffd2310c14fccbbb56c
2019 SH SSW,2019_SH_SSW,2019-09-19,SWARM-B,ap60-1hour,24,1,reports/daily_Ap_ap_ap60_linear_detrending/figures/SSW_2019_SH_SWARM_B_ap60_1hour.png,reports/linear_detrending/figures/2019_SH_SSW_SWARM-B_ap60-1hour_linear-detrending.png,ec8e908731bf221b0d419d713fe07c69e7ea7d34e21c646ce9c8c99f7e49f5f6
2019 SH SSW,2019_SH_SSW,2019-09-19,SWARM-B,daily-Ap,24,0,reports/daily_Ap_ap_ap60_linear_detrending/figures/SSW_2019_SH_SWARM_B_daily_Ap.png,reports/linear_detrending/figures/2019_SH_SSW_SWARM-B_daily-Ap_linear-detrending.png,1de393c96345ac8a374b8cba7a1a382ede368e06930cf21a4042243a545b0aae
2019 SH SSW,2019_SH_SSW,2019-09-19,SWARM-C,ap-3hour,24,0,reports/daily_Ap_ap_ap60_linear_detrending/figures/SSW_2019_SH_SWARM_C_ap_3hour.png,reports/linear_detrending/figures/2019_SH_SSW_SWARM-C_ap-3hour_linear-detrending.png,67cc8c540edc603d0a2ba16f713cb8a54b294f8d94f7b385ee20b5f488895da3
2019 SH SSW,2019_SH_SSW,2019-09-19,SWARM-C,ap30-30min,6,6,reports/ap30_linear_detrending_all_ssw/figures/2019_SH_SSW_SWARM-C_ap30_linear_detrending.png,reports/linear_detrending/figures/2019_SH_SSW_SWARM-C_ap30-30min_linear-detrending.png,07ff6d71c24233e1774c1e44814e52b43a3fa04ef4dab453d809a122a567095c
2019 SH SSW,2019_SH_SSW,2019-09-19,SWARM-C,ap60-1hour,24,1,reports/daily_Ap_ap_ap60_linear_detrending/figures/SSW_2019_SH_SWARM_C_ap60_1hour.png,reports/linear_detrending/figures/2019_SH_SSW_SWARM-C_ap60-1hour_linear-detrending.png,8675d407209e53dc74a682a0069510ac3830325794d0c8f3eb208b7739396351
2019 SH SSW,2019_SH_SSW,2019-09-19,SWARM-C,daily-Ap,24,0,reports/daily_Ap_ap_ap60_linear_detrending/figures/SSW_2019_SH_SWARM_C_daily_Ap.png,reports/linear_detrending/figures/2019_SH_SSW_SWARM-C_daily-Ap_linear-detrending.png,a4540959cfc322771bdab5aebbc8cd30f15eea1695e5e7868d5193febf5ee394
2020/2021 NH SSW,2020-2021_NH_SSW,2021-01-04,GRACE-FO,ap-3hour,24,0,reports/2020_2021_NH_GRACE_FO_three_index_linear_detrending/figures/SSW_2021_NH_GRACE_FO_ap_3hour.png,reports/linear_detrending/figures/2020-2021_NH_SSW_GRACE-FO_ap-3hour_linear-detrending.png,bbcc994ed3bd863160e89fc0e015caf0ab728b22ed4e32ce6a2a8a640c948863
2020/2021 NH SSW,2020-2021_NH_SSW,2021-01-04,GRACE-FO,ap30-30min,6,6,reports/ap30_linear_detrending_all_ssw/figures/2020-2021_NH_SSW_GRACE-FO_ap30_linear_detrending.png,reports/linear_detrending/figures/2020-2021_NH_SSW_GRACE-FO_ap30-30min_linear-detrending.png,7f8d0bcf80b0d13ebc53e7906edb9b78d4fd7b034a6f4532640bb2ff9aef63e0
2020/2021 NH SSW,2020-2021_NH_SSW,2021-01-04,GRACE-FO,ap60-1hour,24,1,reports/2020_2021_NH_GRACE_FO_three_index_linear_detrending/figures/SSW_2021_NH_GRACE_FO_ap60_1hour.png,reports/linear_detrending/figures/2020-2021_NH_SSW_GRACE-FO_ap60-1hour_linear-detrending.png,11edbd0186857f97d37295d1fe281c2d8013f65315f98bcdaf84daaad0f15afa
2020/2021 NH SSW,2020-2021_NH_SSW,2021-01-04,GRACE-FO,daily-Ap,24,0,reports/2020_2021_NH_GRACE_FO_three_index_linear_detrending/figures/SSW_2021_NH_GRACE_FO_daily_Ap.png,reports/linear_detrending/figures/2020-2021_NH_SSW_GRACE-FO_daily-Ap_linear-detrending.png,413e512f8515e327b21cab3cd2d9b70d7dc61a3e4e2453526d8786c6686b5545
2020/2021 NH SSW,2020-2021_NH_SSW,2021-01-04,SWARM-A,ap-3hour,24,0,reports/daily_Ap_ap_ap60_linear_detrending/figures/SSW_2021_NH_SWARM_A_ap_3hour.png,reports/linear_detrending/figures/2020-2021_NH_SSW_SWARM-A_ap-3hour_linear-detrending.png,66d2372f31d54b2484f24b3dbdf673ee1c549d5c3c20b75747106d294ee7642e
2020/2021 NH SSW,2020-2021_NH_SSW,2021-01-04,SWARM-A,ap30-30min,6,6,reports/ap30_linear_detrending_all_ssw/figures/2020-2021_NH_SSW_SWARM-A_ap30_linear_detrending.png,reports/linear_detrending/figures/2020-2021_NH_SSW_SWARM-A_ap30-30min_linear-detrending.png,b6791e7dd7302adec54ca1f252619956f08e0aec9631fe9a86e606d152b928a0
2020/2021 NH SSW,2020-2021_NH_SSW,2021-01-04,SWARM-A,ap60-1hour,24,1,reports/daily_Ap_ap_ap60_linear_detrending/figures/SSW_2021_NH_SWARM_A_ap60_1hour.png,reports/linear_detrending/figures/2020-2021_NH_SSW_SWARM-A_ap60-1hour_linear-detrending.png,92572686bd33fe6d86615aa6bdff8bee23b1ff07ab1ad1220689d8164551950c
2020/2021 NH SSW,2020-2021_NH_SSW,2021-01-04,SWARM-A,daily-Ap,24,0,reports/daily_Ap_ap_ap60_linear_detrending/figures/SSW_2021_NH_SWARM_A_daily_Ap.png,reports/linear_detrending/figures/2020-2021_NH_SSW_SWARM-A_daily-Ap_linear-detrending.png,b60f0ffa45b6ac9519e82baac501c39ad82609bc3523be3fced6e091ba3659bc
2020/2021 NH SSW,2020-2021_NH_SSW,2021-01-04,SWARM-B,ap-3hour,24,0,reports/daily_Ap_ap_ap60_linear_detrending/figures/SSW_2021_NH_SWARM_B_ap_3hour.png,reports/linear_detrending/figures/2020-2021_NH_SSW_SWARM-B_ap-3hour_linear-detrending.png,d4d70dfbdcf4a0be7f8feb32a4b06255d2c65377060f486fbf298cb8db6d026b
2020/2021 NH SSW,2020-2021_NH_SSW,2021-01-04,SWARM-B,ap30-30min,6,6,reports/ap30_linear_detrending_all_ssw/figures/2020-2021_NH_SSW_SWARM-B_ap30_linear_detrending.png,reports/linear_detrending/figures/2020-2021_NH_SSW_SWARM-B_ap30-30min_linear-detrending.png,714807cbc5135b1c63819604cebd26fe2ef4df7bb6563611eb2744bb541b0da1
2020/2021 NH SSW,2020-2021_NH_SSW,2021-01-04,SWARM-B,ap60-1hour,24,1,reports/daily_Ap_ap_ap60_linear_detrending/figures/SSW_2021_NH_SWARM_B_ap60_1hour.png,reports/linear_detrending/figures/2020-2021_NH_SSW_SWARM-B_ap60-1hour_linear-detrending.png,be3bc41283430ed8edfaa7eec6fe4fa693409326382a4ab043275b0b65ba1b2c
2020/2021 NH SSW,2020-2021_NH_SSW,2021-01-04,SWARM-B,daily-Ap,24,0,reports/daily_Ap_ap_ap60_linear_detrending/figures/SSW_2021_NH_SWARM_B_daily_Ap.png,reports/linear_detrending/figures/2020-2021_NH_SSW_SWARM-B_daily-Ap_linear-detrending.png,e776c19002ab39f4a51d2b566d1a6dc1d4c0bd34c8f21e8f98bfbe5139829404
2020/2021 NH SSW,2020-2021_NH_SSW,2021-01-04,SWARM-C,ap-3hour,24,0,reports/daily_Ap_ap_ap60_linear_detrending/figures/SSW_2021_NH_SWARM_C_ap_3hour.png,reports/linear_detrending/figures/2020-2021_NH_SSW_SWARM-C_ap-3hour_linear-detrending.png,6cee42449478a92cac6f04bb7c8d7c2f51e0de04b5959f0f826c8189777b361a
2020/2021 NH SSW,2020-2021_NH_SSW,2021-01-04,SWARM-C,ap30-30min,6,6,reports/ap30_linear_detrending_all_ssw/figures/2020-2021_NH_SSW_SWARM-C_ap30_linear_detrending.png,reports/linear_detrending/figures/2020-2021_NH_SSW_SWARM-C_ap30-30min_linear-detrending.png,cd4c8bc641528a872138a98a5190824e86c293abed2adc2011ad89b15e1a8fbd
2020/2021 NH SSW,2020-2021_NH_SSW,2021-01-04,SWARM-C,ap60-1hour,24,1,reports/daily_Ap_ap_ap60_linear_detrending/figures/SSW_2021_NH_SWARM_C_ap60_1hour.png,reports/linear_detrending/figures/2020-2021_NH_SSW_SWARM-C_ap60-1hour_linear-detrending.png,2fe70d1c3c90a5a4de256cae96194af045500858def90fe59e1b33e38e26cf3a
2020/2021 NH SSW,2020-2021_NH_SSW,2021-01-04,SWARM-C,daily-Ap,24,0,reports/daily_Ap_ap_ap60_linear_detrending/figures/SSW_2021_NH_SWARM_C_daily_Ap.png,reports/linear_detrending/figures/2020-2021_NH_SSW_SWARM-C_daily-Ap_linear-detrending.png,defe844287695bb1c55d3d4d841a782244d1171867e38d3ffefe1def6ed6af5c
