event,platform,reference_model,geomagnetic_index,data_status,source_file,canonical_file
2017-2018_NH_SSW,SWARM-A,standardized MSIS,daily Ap,formal standardized product,reports/standardized_daily_Ap_linear_detrending/SSW_2018_NH_SWARM_A_density_ratio_msis_daily_Ap_linear_detrended.png,reports/density_ratio_residual_figures/standardized_MSIS/event_window_daily_Ap/2017-2018_NH_SSW/2017-2018_NH_SSW__SWARM-A__standardized-MSIS-density-ratio__daily-Ap__linear-detrended__latitude-time.png
2017-2018_NH_SSW,SWARM-B,standardized MSIS,daily Ap,formal standardized product,reports/standardized_daily_Ap_linear_detrending/SSW_2018_NH_SWARM_B_density_ratio_msis_daily_Ap_linear_detrended.png,reports/density_ratio_residual_figures/standardized_MSIS/event_window_daily_Ap/2017-2018_NH_SSW/2017-2018_NH_SSW__SWARM-B__standardized-MSIS-density-ratio__daily-Ap__linear-detrended__latitude-time.png
2017-2018_NH_SSW,SWARM-C,standardized MSIS,daily Ap,formal standardized product,reports/standardized_daily_Ap_linear_detrending/SSW_2018_NH_SWARM_C_density_ratio_msis_daily_Ap_linear_detrended.png,reports/density_ratio_residual_figures/standardized_MSIS/event_window_daily_Ap/2017-2018_NH_SSW/2017-2018_NH_SSW__SWARM-C__standardized-MSIS-density-ratio__daily-Ap__linear-detrended__latitude-time.png
2019_SH_SSW,SWARM-A,standardized MSIS,daily Ap,formal standardized product,reports/standardized_daily_Ap_linear_detrending/SSW_2019_SH_SWARM_A_density_ratio_msis_daily_Ap_linear_detrended.png,reports/density_ratio_residual_figures/standardized_MSIS/event_window_daily_Ap/2019_SH_SSW/2019_SH_SSW__SWARM-A__standardized-MSIS-density-ratio__daily-Ap__linear-detrended__latitude-time.png
2019_SH_SSW,SWARM-B,standardized MSIS,daily Ap,formal standardized product,reports/standardized_daily_Ap_linear_detrending/SSW_2019_SH_SWARM_B_density_ratio_msis_daily_Ap_linear_detrended.png,reports/density_ratio_residual_figures/standardized_MSIS/event_window_daily_Ap/2019_SH_SSW/2019_SH_SSW__SWARM-B__standardized-MSIS-density-ratio__daily-Ap__linear-detrended__latitude-time.png
2019_SH_SSW,SWARM-C,standardized MSIS,daily Ap,formal standardized product,reports/standardized_daily_Ap_linear_detrending/SSW_2019_SH_SWARM_C_density_ratio_msis_daily_Ap_linear_detrended.png,reports/density_ratio_residual_figures/standardized_MSIS/event_window_daily_Ap/2019_SH_SSW/2019_SH_SSW__SWARM-C__standardized-MSIS-density-ratio__daily-Ap__linear-detrended__latitude-time.png
2020-2021_NH_SSW,SWARM-A,standardized MSIS,daily Ap,formal standardized product,reports/standardized_daily_Ap_linear_detrending/SSW_2021_NH_SWARM_A_density_ratio_msis_daily_Ap_linear_detrended.png,reports/density_ratio_residual_figures/standardized_MSIS/event_window_daily_Ap/2020-2021_NH_SSW/2020-2021_NH_SSW__SWARM-A__standardized-MSIS-density-ratio__daily-Ap__linear-detrended__latitude-time.png
2020-2021_NH_SSW,SWARM-B,standardized MSIS,daily Ap,formal standardized product,reports/standardized_daily_Ap_linear_detrending/SSW_2021_NH_SWARM_B_density_ratio_msis_daily_Ap_linear_detrended.png,reports/density_ratio_residual_figures/standardized_MSIS/event_window_daily_Ap/2020-2021_NH_SSW/2020-2021_NH_SSW__SWARM-B__standardized-MSIS-density-ratio__daily-Ap__linear-detrended__latitude-time.png
2020-2021_NH_SSW,SWARM-C,standardized MSIS,daily Ap,formal standardized product,reports/standardized_daily_Ap_linear_detrending/SSW_2021_NH_SWARM_C_density_ratio_msis_daily_Ap_linear_detrended.png,reports/density_ratio_residual_figures/standardized_MSIS/event_window_daily_Ap/2020-2021_NH_SSW/2020-2021_NH_SSW__SWARM-C__standardized-MSIS-density-ratio__daily-Ap__linear-detrended__latitude-time.png
2018-2019_NH_SSW,SWARM-A,standardized MSIS,daily Ap,formal standardized product,reports/2018_2019_NH_SSW/three_index_linear_detrending/figures/SSW_2018_2019_NH_SWARM_A_daily_Ap.png,reports/density_ratio_residual_figures/standardized_MSIS/event_window_daily_Ap/2018-2019_NH_SSW/2018-2019_NH_SSW__SWARM-A__standardized-MSIS-density-ratio__daily-Ap__linear-detrended__latitude-time.png
2018-2019_NH_SSW,SWARM-B,standardized MSIS,daily Ap,formal standardized product,reports/2018_2019_NH_SSW/three_index_linear_detrending/figures/SSW_2018_2019_NH_SWARM_B_daily_Ap.png,reports/density_ratio_residual_figures/standardized_MSIS/event_window_daily_Ap/2018-2019_NH_SSW/2018-2019_NH_SSW__SWARM-B__standardized-MSIS-density-ratio__daily-Ap__linear-detrended__latitude-time.png
2018-2019_NH_SSW,SWARM-C,standardized MSIS,daily Ap,formal standardized product,reports/2018_2019_NH_SSW/three_index_linear_detrending/figures/SSW_2018_2019_NH_SWARM_C_daily_Ap.png,reports/density_ratio_residual_figures/standardized_MSIS/event_window_daily_Ap/2018-2019_NH_SSW/2018-2019_NH_SSW__SWARM-C__standardized-MSIS-density-ratio__daily-Ap__linear-detrended__latitude-time.png
2020-2021_NH_SSW,GRACE-FO,standardized MSIS,daily Ap,formal standardized product,reports/2020_2021_NH_GRACE_FO_three_index_linear_detrending/figures/SSW_2021_NH_GRACE_FO_daily_Ap.png,reports/density_ratio_residual_figures/standardized_MSIS/event_window_daily_Ap/2020-2021_NH_SSW/2020-2021_NH_SSW__GRACE-FO__standardized-MSIS-density-ratio__daily-Ap__linear-detrended__latitude-time.png
2017-2018_NH_SSW,SWARM-A,standardized MSIS,3-hour ap,four-index comparison product,reports/linear_detrending/figures/2017-2018_NH_SSW_SWARM-A_ap-3hour_linear-detrending.png,reports/density_ratio_residual_figures/standardized_MSIS/four_index_comparison/ap_3hour/2017-2018_NH_SSW/2017-2018_NH_SSW__SWARM-A__standardized-MSIS-density-ratio__ap-3hour__linear-detrended__latitude-time.png
2017-2018_NH_SSW,SWARM-A,standardized MSIS,30-minute ap30,four-index comparison product,reports/linear_detrending/figures/2017-2018_NH_SSW_SWARM-A_ap30-30min_linear-detrending.png,reports/density_ratio_residual_figures/standardized_MSIS/four_index_comparison/ap30_30min/2017-2018_NH_SSW/2017-2018_NH_SSW__SWARM-A__standardized-MSIS-density-ratio__ap30-30min__linear-detrended__latitude-time.png
2017-2018_NH_SSW,SWARM-A,standardized MSIS,1-hour ap60,four-index comparison product,reports/linear_detrending/figures/2017-2018_NH_SSW_SWARM-A_ap60-1hour_linear-detrending.png,reports/density_ratio_residual_figures/standardized_MSIS/four_index_comparison/ap60_1hour/2017-2018_NH_SSW/2017-2018_NH_SSW__SWARM-A__standardized-MSIS-density-ratio__ap60-1hour__linear-detrended__latitude-time.png
2017-2018_NH_SSW,SWARM-A,standardized MSIS,daily Ap,four-index comparison product,reports/linear_detrending/figures/2017-2018_NH_SSW_SWARM-A_daily-Ap_linear-detrending.png,reports/density_ratio_residual_figures/standardized_MSIS/four_index_comparison/daily_Ap/2017-2018_NH_SSW/2017-2018_NH_SSW__SWARM-A__standardized-MSIS-density-ratio__daily-Ap__linear-detrended__latitude-time.png
2017-2018_NH_SSW,SWARM-B,standardized MSIS,3-hour ap,four-index comparison product,reports/linear_detrending/figures/2017-2018_NH_SSW_SWARM-B_ap-3hour_linear-detrending.png,reports/density_ratio_residual_figures/standardized_MSIS/four_index_comparison/ap_3hour/2017-2018_NH_SSW/2017-2018_NH_SSW__SWARM-B__standardized-MSIS-density-ratio__ap-3hour__linear-detrended__latitude-time.png
2017-2018_NH_SSW,SWARM-B,standardized MSIS,30-minute ap30,four-index comparison product,reports/linear_detrending/figures/2017-2018_NH_SSW_SWARM-B_ap30-30min_linear-detrending.png,reports/density_ratio_residual_figures/standardized_MSIS/four_index_comparison/ap30_30min/2017-2018_NH_SSW/2017-2018_NH_SSW__SWARM-B__standardized-MSIS-density-ratio__ap30-30min__linear-detrended__latitude-time.png
2017-2018_NH_SSW,SWARM-B,standardized MSIS,1-hour ap60,four-index comparison product,reports/linear_detrending/figures/2017-2018_NH_SSW_SWARM-B_ap60-1hour_linear-detrending.png,reports/density_ratio_residual_figures/standardized_MSIS/four_index_comparison/ap60_1hour/2017-2018_NH_SSW/2017-2018_NH_SSW__SWARM-B__standardized-MSIS-density-ratio__ap60-1hour__linear-detrended__latitude-time.png
2017-2018_NH_SSW,SWARM-B,standardized MSIS,daily Ap,four-index comparison product,reports/linear_detrending/figures/2017-2018_NH_SSW_SWARM-B_daily-Ap_linear-detrending.png,reports/density_ratio_residual_figures/standardized_MSIS/four_index_comparison/daily_Ap/2017-2018_NH_SSW/2017-2018_NH_SSW__SWARM-B__standardized-MSIS-density-ratio__daily-Ap__linear-detrended__latitude-time.png
2017-2018_NH_SSW,SWARM-C,standardized MSIS,3-hour ap,four-index comparison product,reports/linear_detrending/figures/2017-2018_NH_SSW_SWARM-C_ap-3hour_linear-detrending.png,reports/density_ratio_residual_figures/standardized_MSIS/four_index_comparison/ap_3hour/2017-2018_NH_SSW/2017-2018_NH_SSW__SWARM-C__standardized-MSIS-density-ratio__ap-3hour__linear-detrended__latitude-time.png
2017-2018_NH_SSW,SWARM-C,standardized MSIS,30-minute ap30,four-index comparison product,reports/linear_detrending/figures/2017-2018_NH_SSW_SWARM-C_ap30-30min_linear-detrending.png,reports/density_ratio_residual_figures/standardized_MSIS/four_index_comparison/ap30_30min/2017-2018_NH_SSW/2017-2018_NH_SSW__SWARM-C__standardized-MSIS-density-ratio__ap30-30min__linear-detrended__latitude-time.png
2017-2018_NH_SSW,SWARM-C,standardized MSIS,1-hour ap60,four-index comparison product,reports/linear_detrending/figures/2017-2018_NH_SSW_SWARM-C_ap60-1hour_linear-detrending.png,reports/density_ratio_residual_figures/standardized_MSIS/four_index_comparison/ap60_1hour/2017-2018_NH_SSW/2017-2018_NH_SSW__SWARM-C__standardized-MSIS-density-ratio__ap60-1hour__linear-detrended__latitude-time.png
2017-2018_NH_SSW,SWARM-C,standardized MSIS,daily Ap,four-index comparison product,reports/linear_detrending/figures/2017-2018_NH_SSW_SWARM-C_daily-Ap_linear-detrending.png,reports/density_ratio_residual_figures/standardized_MSIS/four_index_comparison/daily_Ap/2017-2018_NH_SSW/2017-2018_NH_SSW__SWARM-C__standardized-MSIS-density-ratio__daily-Ap__linear-detrended__latitude-time.png
2018-2019_NH_SSW,SWARM-A,standardized MSIS,3-hour ap,four-index comparison product,reports/linear_detrending/figures/2018-2019_NH_SSW_SWARM-A_ap-3hour_linear-detrending.png,reports/density_ratio_residual_figures/standardized_MSIS/four_index_comparison/ap_3hour/2018-2019_NH_SSW/2018-2019_NH_SSW__SWARM-A__standardized-MSIS-density-ratio__ap-3hour__linear-detrended__latitude-time.png
2018-2019_NH_SSW,SWARM-A,standardized MSIS,30-minute ap30,four-index comparison product,reports/linear_detrending/figures/2018-2019_NH_SSW_SWARM-A_ap30-30min_linear-detrending.png,reports/density_ratio_residual_figures/standardized_MSIS/four_index_comparison/ap30_30min/2018-2019_NH_SSW/2018-2019_NH_SSW__SWARM-A__standardized-MSIS-density-ratio__ap30-30min__linear-detrended__latitude-time.png
2018-2019_NH_SSW,SWARM-A,standardized MSIS,1-hour ap60,four-index comparison product,reports/linear_detrending/figures/2018-2019_NH_SSW_SWARM-A_ap60-1hour_linear-detrending.png,reports/density_ratio_residual_figures/standardized_MSIS/four_index_comparison/ap60_1hour/2018-2019_NH_SSW/2018-2019_NH_SSW__SWARM-A__standardized-MSIS-density-ratio__ap60-1hour__linear-detrended__latitude-time.png
2018-2019_NH_SSW,SWARM-A,standardized MSIS,daily Ap,four-index comparison product,reports/linear_detrending/figures/2018-2019_NH_SSW_SWARM-A_daily-Ap_linear-detrending.png,reports/density_ratio_residual_figures/standardized_MSIS/four_index_comparison/daily_Ap/2018-2019_NH_SSW/2018-2019_NH_SSW__SWARM-A__standardized-MSIS-density-ratio__daily-Ap__linear-detrended__latitude-time.png
2018-2019_NH_SSW,SWARM-B,standardized MSIS,3-hour ap,four-index comparison product,reports/linear_detrending/figures/2018-2019_NH_SSW_SWARM-B_ap-3hour_linear-detrending.png,reports/density_ratio_residual_figures/standardized_MSIS/four_index_comparison/ap_3hour/2018-2019_NH_SSW/2018-2019_NH_SSW__SWARM-B__standardized-MSIS-density-ratio__ap-3hour__linear-detrended__latitude-time.png
2018-2019_NH_SSW,SWARM-B,standardized MSIS,30-minute ap30,four-index comparison product,reports/linear_detrending/figures/2018-2019_NH_SSW_SWARM-B_ap30-30min_linear-detrending.png,reports/density_ratio_residual_figures/standardized_MSIS/four_index_comparison/ap30_30min/2018-2019_NH_SSW/2018-2019_NH_SSW__SWARM-B__standardized-MSIS-density-ratio__ap30-30min__linear-detrended__latitude-time.png
2018-2019_NH_SSW,SWARM-B,standardized MSIS,1-hour ap60,four-index comparison product,reports/linear_detrending/figures/2018-2019_NH_SSW_SWARM-B_ap60-1hour_linear-detrending.png,reports/density_ratio_residual_figures/standardized_MSIS/four_index_comparison/ap60_1hour/2018-2019_NH_SSW/2018-2019_NH_SSW__SWARM-B__standardized-MSIS-density-ratio__ap60-1hour__linear-detrended__latitude-time.png
2018-2019_NH_SSW,SWARM-B,standardized MSIS,daily Ap,four-index comparison product,reports/linear_detrending/figures/2018-2019_NH_SSW_SWARM-B_daily-Ap_linear-detrending.png,reports/density_ratio_residual_figures/standardized_MSIS/four_index_comparison/daily_Ap/2018-2019_NH_SSW/2018-2019_NH_SSW__SWARM-B__standardized-MSIS-density-ratio__daily-Ap__linear-detrended__latitude-time.png
2018-2019_NH_SSW,SWARM-C,standardized MSIS,3-hour ap,four-index comparison product,reports/linear_detrending/figures/2018-2019_NH_SSW_SWARM-C_ap-3hour_linear-detrending.png,reports/density_ratio_residual_figures/standardized_MSIS/four_index_comparison/ap_3hour/2018-2019_NH_SSW/2018-2019_NH_SSW__SWARM-C__standardized-MSIS-density-ratio__ap-3hour__linear-detrended__latitude-time.png
2018-2019_NH_SSW,SWARM-C,standardized MSIS,30-minute ap30,four-index comparison product,reports/linear_detrending/figures/2018-2019_NH_SSW_SWARM-C_ap30-30min_linear-detrending.png,reports/density_ratio_residual_figures/standardized_MSIS/four_index_comparison/ap30_30min/2018-2019_NH_SSW/2018-2019_NH_SSW__SWARM-C__standardized-MSIS-density-ratio__ap30-30min__linear-detrended__latitude-time.png
2018-2019_NH_SSW,SWARM-C,standardized MSIS,1-hour ap60,four-index comparison product,reports/linear_detrending/figures/2018-2019_NH_SSW_SWARM-C_ap60-1hour_linear-detrending.png,reports/density_ratio_residual_figures/standardized_MSIS/four_index_comparison/ap60_1hour/2018-2019_NH_SSW/2018-2019_NH_SSW__SWARM-C__standardized-MSIS-density-ratio__ap60-1hour__linear-detrended__latitude-time.png
2018-2019_NH_SSW,SWARM-C,standardized MSIS,daily Ap,four-index comparison product,reports/linear_detrending/figures/2018-2019_NH_SSW_SWARM-C_daily-Ap_linear-detrending.png,reports/density_ratio_residual_figures/standardized_MSIS/four_index_comparison/daily_Ap/2018-2019_NH_SSW/2018-2019_NH_SSW__SWARM-C__standardized-MSIS-density-ratio__daily-Ap__linear-detrended__latitude-time.png
2019_SH_SSW,SWARM-A,standardized MSIS,3-hour ap,four-index comparison product,reports/linear_detrending/figures/2019_SH_SSW_SWARM-A_ap-3hour_linear-detrending.png,reports/density_ratio_residual_figures/standardized_MSIS/four_index_comparison/ap_3hour/2019_SH_SSW/2019_SH_SSW__SWARM-A__standardized-MSIS-density-ratio__ap-3hour__linear-detrended__latitude-time.png
2019_SH_SSW,SWARM-A,standardized MSIS,30-minute ap30,four-index comparison product,reports/linear_detrending/figures/2019_SH_SSW_SWARM-A_ap30-30min_linear-detrending.png,reports/density_ratio_residual_figures/standardized_MSIS/four_index_comparison/ap30_30min/2019_SH_SSW/2019_SH_SSW__SWARM-A__standardized-MSIS-density-ratio__ap30-30min__linear-detrended__latitude-time.png
2019_SH_SSW,SWARM-A,standardized MSIS,1-hour ap60,four-index comparison product,reports/linear_detrending/figures/2019_SH_SSW_SWARM-A_ap60-1hour_linear-detrending.png,reports/density_ratio_residual_figures/standardized_MSIS/four_index_comparison/ap60_1hour/2019_SH_SSW/2019_SH_SSW__SWARM-A__standardized-MSIS-density-ratio__ap60-1hour__linear-detrended__latitude-time.png
2019_SH_SSW,SWARM-A,standardized MSIS,daily Ap,four-index comparison product,reports/linear_detrending/figures/2019_SH_SSW_SWARM-A_daily-Ap_linear-detrending.png,reports/density_ratio_residual_figures/standardized_MSIS/four_index_comparison/daily_Ap/2019_SH_SSW/2019_SH_SSW__SWARM-A__standardized-MSIS-density-ratio__daily-Ap__linear-detrended__latitude-time.png
2019_SH_SSW,SWARM-B,standardized MSIS,3-hour ap,four-index comparison product,reports/linear_detrending/figures/2019_SH_SSW_SWARM-B_ap-3hour_linear-detrending.png,reports/density_ratio_residual_figures/standardized_MSIS/four_index_comparison/ap_3hour/2019_SH_SSW/2019_SH_SSW__SWARM-B__standardized-MSIS-density-ratio__ap-3hour__linear-detrended__latitude-time.png
2019_SH_SSW,SWARM-B,standardized MSIS,30-minute ap30,four-index comparison product,reports/linear_detrending/figures/2019_SH_SSW_SWARM-B_ap30-30min_linear-detrending.png,reports/density_ratio_residual_figures/standardized_MSIS/four_index_comparison/ap30_30min/2019_SH_SSW/2019_SH_SSW__SWARM-B__standardized-MSIS-density-ratio__ap30-30min__linear-detrended__latitude-time.png
2019_SH_SSW,SWARM-B,standardized MSIS,1-hour ap60,four-index comparison product,reports/linear_detrending/figures/2019_SH_SSW_SWARM-B_ap60-1hour_linear-detrending.png,reports/density_ratio_residual_figures/standardized_MSIS/four_index_comparison/ap60_1hour/2019_SH_SSW/2019_SH_SSW__SWARM-B__standardized-MSIS-density-ratio__ap60-1hour__linear-detrended__latitude-time.png
2019_SH_SSW,SWARM-B,standardized MSIS,daily Ap,four-index comparison product,reports/linear_detrending/figures/2019_SH_SSW_SWARM-B_daily-Ap_linear-detrending.png,reports/density_ratio_residual_figures/standardized_MSIS/four_index_comparison/daily_Ap/2019_SH_SSW/2019_SH_SSW__SWARM-B__standardized-MSIS-density-ratio__daily-Ap__linear-detrended__latitude-time.png
2019_SH_SSW,SWARM-C,standardized MSIS,3-hour ap,four-index comparison product,reports/linear_detrending/figures/2019_SH_SSW_SWARM-C_ap-3hour_linear-detrending.png,reports/density_ratio_residual_figures/standardized_MSIS/four_index_comparison/ap_3hour/2019_SH_SSW/2019_SH_SSW__SWARM-C__standardized-MSIS-density-ratio__ap-3hour__linear-detrended__latitude-time.png
2019_SH_SSW,SWARM-C,standardized MSIS,30-minute ap30,four-index comparison product,reports/linear_detrending/figures/2019_SH_SSW_SWARM-C_ap30-30min_linear-detrending.png,reports/density_ratio_residual_figures/standardized_MSIS/four_index_comparison/ap30_30min/2019_SH_SSW/2019_SH_SSW__SWARM-C__standardized-MSIS-density-ratio__ap30-30min__linear-detrended__latitude-time.png
2019_SH_SSW,SWARM-C,standardized MSIS,1-hour ap60,four-index comparison product,reports/linear_detrending/figures/2019_SH_SSW_SWARM-C_ap60-1hour_linear-detrending.png,reports/density_ratio_residual_figures/standardized_MSIS/four_index_comparison/ap60_1hour/2019_SH_SSW/2019_SH_SSW__SWARM-C__standardized-MSIS-density-ratio__ap60-1hour__linear-detrended__latitude-time.png
2019_SH_SSW,SWARM-C,standardized MSIS,daily Ap,four-index comparison product,reports/linear_detrending/figures/2019_SH_SSW_SWARM-C_daily-Ap_linear-detrending.png,reports/density_ratio_residual_figures/standardized_MSIS/four_index_comparison/daily_Ap/2019_SH_SSW/2019_SH_SSW__SWARM-C__standardized-MSIS-density-ratio__daily-Ap__linear-detrended__latitude-time.png
2020-2021_NH_SSW,GRACE-FO,standardized MSIS,3-hour ap,four-index comparison product,reports/linear_detrending/figures/2020-2021_NH_SSW_GRACE-FO_ap-3hour_linear-detrending.png,reports/density_ratio_residual_figures/standardized_MSIS/four_index_comparison/ap_3hour/2020-2021_NH_SSW/2020-2021_NH_SSW__GRACE-FO__standardized-MSIS-density-ratio__ap-3hour__linear-detrended__latitude-time.png
2020-2021_NH_SSW,GRACE-FO,standardized MSIS,30-minute ap30,four-index comparison product,reports/linear_detrending/figures/2020-2021_NH_SSW_GRACE-FO_ap30-30min_linear-detrending.png,reports/density_ratio_residual_figures/standardized_MSIS/four_index_comparison/ap30_30min/2020-2021_NH_SSW/2020-2021_NH_SSW__GRACE-FO__standardized-MSIS-density-ratio__ap30-30min__linear-detrended__latitude-time.png
2020-2021_NH_SSW,GRACE-FO,standardized MSIS,1-hour ap60,four-index comparison product,reports/linear_detrending/figures/2020-2021_NH_SSW_GRACE-FO_ap60-1hour_linear-detrending.png,reports/density_ratio_residual_figures/standardized_MSIS/four_index_comparison/ap60_1hour/2020-2021_NH_SSW/2020-2021_NH_SSW__GRACE-FO__standardized-MSIS-density-ratio__ap60-1hour__linear-detrended__latitude-time.png
2020-2021_NH_SSW,GRACE-FO,standardized MSIS,daily Ap,four-index comparison product,reports/linear_detrending/figures/2020-2021_NH_SSW_GRACE-FO_daily-Ap_linear-detrending.png,reports/density_ratio_residual_figures/standardized_MSIS/four_index_comparison/daily_Ap/2020-2021_NH_SSW/2020-2021_NH_SSW__GRACE-FO__standardized-MSIS-density-ratio__daily-Ap__linear-detrended__latitude-time.png
2020-2021_NH_SSW,SWARM-A,standardized MSIS,3-hour ap,four-index comparison product,reports/linear_detrending/figures/2020-2021_NH_SSW_SWARM-A_ap-3hour_linear-detrending.png,reports/density_ratio_residual_figures/standardized_MSIS/four_index_comparison/ap_3hour/2020-2021_NH_SSW/2020-2021_NH_SSW__SWARM-A__standardized-MSIS-density-ratio__ap-3hour__linear-detrended__latitude-time.png
2020-2021_NH_SSW,SWARM-A,standardized MSIS,30-minute ap30,four-index comparison product,reports/linear_detrending/figures/2020-2021_NH_SSW_SWARM-A_ap30-30min_linear-detrending.png,reports/density_ratio_residual_figures/standardized_MSIS/four_index_comparison/ap30_30min/2020-2021_NH_SSW/2020-2021_NH_SSW__SWARM-A__standardized-MSIS-density-ratio__ap30-30min__linear-detrended__latitude-time.png
2020-2021_NH_SSW,SWARM-A,standardized MSIS,1-hour ap60,four-index comparison product,reports/linear_detrending/figures/2020-2021_NH_SSW_SWARM-A_ap60-1hour_linear-detrending.png,reports/density_ratio_residual_figures/standardized_MSIS/four_index_comparison/ap60_1hour/2020-2021_NH_SSW/2020-2021_NH_SSW__SWARM-A__standardized-MSIS-density-ratio__ap60-1hour__linear-detrended__latitude-time.png
2020-2021_NH_SSW,SWARM-A,standardized MSIS,daily Ap,four-index comparison product,reports/linear_detrending/figures/2020-2021_NH_SSW_SWARM-A_daily-Ap_linear-detrending.png,reports/density_ratio_residual_figures/standardized_MSIS/four_index_comparison/daily_Ap/2020-2021_NH_SSW/2020-2021_NH_SSW__SWARM-A__standardized-MSIS-density-ratio__daily-Ap__linear-detrended__latitude-time.png
2020-2021_NH_SSW,SWARM-B,standardized MSIS,3-hour ap,four-index comparison product,reports/linear_detrending/figures/2020-2021_NH_SSW_SWARM-B_ap-3hour_linear-detrending.png,reports/density_ratio_residual_figures/standardized_MSIS/four_index_comparison/ap_3hour/2020-2021_NH_SSW/2020-2021_NH_SSW__SWARM-B__standardized-MSIS-density-ratio__ap-3hour__linear-detrended__latitude-time.png
2020-2021_NH_SSW,SWARM-B,standardized MSIS,30-minute ap30,four-index comparison product,reports/linear_detrending/figures/2020-2021_NH_SSW_SWARM-B_ap30-30min_linear-detrending.png,reports/density_ratio_residual_figures/standardized_MSIS/four_index_comparison/ap30_30min/2020-2021_NH_SSW/2020-2021_NH_SSW__SWARM-B__standardized-MSIS-density-ratio__ap30-30min__linear-detrended__latitude-time.png
2020-2021_NH_SSW,SWARM-B,standardized MSIS,1-hour ap60,four-index comparison product,reports/linear_detrending/figures/2020-2021_NH_SSW_SWARM-B_ap60-1hour_linear-detrending.png,reports/density_ratio_residual_figures/standardized_MSIS/four_index_comparison/ap60_1hour/2020-2021_NH_SSW/2020-2021_NH_SSW__SWARM-B__standardized-MSIS-density-ratio__ap60-1hour__linear-detrended__latitude-time.png
2020-2021_NH_SSW,SWARM-B,standardized MSIS,daily Ap,four-index comparison product,reports/linear_detrending/figures/2020-2021_NH_SSW_SWARM-B_daily-Ap_linear-detrending.png,reports/density_ratio_residual_figures/standardized_MSIS/four_index_comparison/daily_Ap/2020-2021_NH_SSW/2020-2021_NH_SSW__SWARM-B__standardized-MSIS-density-ratio__daily-Ap__linear-detrended__latitude-time.png
2020-2021_NH_SSW,SWARM-C,standardized MSIS,3-hour ap,four-index comparison product,reports/linear_detrending/figures/2020-2021_NH_SSW_SWARM-C_ap-3hour_linear-detrending.png,reports/density_ratio_residual_figures/standardized_MSIS/four_index_comparison/ap_3hour/2020-2021_NH_SSW/2020-2021_NH_SSW__SWARM-C__standardized-MSIS-density-ratio__ap-3hour__linear-detrended__latitude-time.png
2020-2021_NH_SSW,SWARM-C,standardized MSIS,30-minute ap30,four-index comparison product,reports/linear_detrending/figures/2020-2021_NH_SSW_SWARM-C_ap30-30min_linear-detrending.png,reports/density_ratio_residual_figures/standardized_MSIS/four_index_comparison/ap30_30min/2020-2021_NH_SSW/2020-2021_NH_SSW__SWARM-C__standardized-MSIS-density-ratio__ap30-30min__linear-detrended__latitude-time.png
2020-2021_NH_SSW,SWARM-C,standardized MSIS,1-hour ap60,four-index comparison product,reports/linear_detrending/figures/2020-2021_NH_SSW_SWARM-C_ap60-1hour_linear-detrending.png,reports/density_ratio_residual_figures/standardized_MSIS/four_index_comparison/ap60_1hour/2020-2021_NH_SSW/2020-2021_NH_SSW__SWARM-C__standardized-MSIS-density-ratio__ap60-1hour__linear-detrended__latitude-time.png
2020-2021_NH_SSW,SWARM-C,standardized MSIS,daily Ap,four-index comparison product,reports/linear_detrending/figures/2020-2021_NH_SSW_SWARM-C_daily-Ap_linear-detrending.png,reports/density_ratio_residual_figures/standardized_MSIS/four_index_comparison/daily_Ap/2020-2021_NH_SSW/2020-2021_NH_SSW__SWARM-C__standardized-MSIS-density-ratio__daily-Ap__linear-detrended__latitude-time.png
2017-2018_NH_SSW,SWARM-A,legacy MSIS,daily Ap,historical; do not use as formal standardized result,Figure/Ap_removal/2D_detrend_only_temp_ap_2018.png,reports/density_ratio_residual_figures/legacy_MSIS/daily_Ap/2017-2018_NH_SSW/2017-2018_NH_SSW__SWARM-A__legacy-MSIS-density-ratio__daily-Ap__linear-detrended__latitude-time.png
2017-2018_NH_SSW,SWARM-B,legacy MSIS,daily Ap,historical; do not use as formal standardized result,Figure/Ap_removal/2D_detrend_only_temp_ap_2018_SWARM-B.png,reports/density_ratio_residual_figures/legacy_MSIS/daily_Ap/2017-2018_NH_SSW/2017-2018_NH_SSW__SWARM-B__legacy-MSIS-density-ratio__daily-Ap__linear-detrended__latitude-time.png
2017-2018_NH_SSW,SWARM-C,legacy MSIS,daily Ap,historical; do not use as formal standardized result,Figure/Ap_removal/2D_detrend_only_temp_ap_2018_SWARM-C.png,reports/density_ratio_residual_figures/legacy_MSIS/daily_Ap/2017-2018_NH_SSW/2017-2018_NH_SSW__SWARM-C__legacy-MSIS-density-ratio__daily-Ap__linear-detrended__latitude-time.png
2019_SH_SSW,SWARM-A,legacy MSIS,daily Ap,historical; do not use as formal standardized result,Figure/Ap_removal/2D_detrend_only_temp_ap_2019.png,reports/density_ratio_residual_figures/legacy_MSIS/daily_Ap/2019_SH_SSW/2019_SH_SSW__SWARM-A__legacy-MSIS-density-ratio__daily-Ap__linear-detrended__latitude-time.png
2019_SH_SSW,SWARM-B,legacy MSIS,daily Ap,historical; do not use as formal standardized result,Figure/Ap_removal/2D_detrend_only_temp_ap_2019_SWARM-B.png,reports/density_ratio_residual_figures/legacy_MSIS/daily_Ap/2019_SH_SSW/2019_SH_SSW__SWARM-B__legacy-MSIS-density-ratio__daily-Ap__linear-detrended__latitude-time.png
2019_SH_SSW,SWARM-C,legacy MSIS,daily Ap,historical; do not use as formal standardized result,Figure/Ap_removal/2D_detrend_only_temp_ap_2019_SWARM-C.png,reports/density_ratio_residual_figures/legacy_MSIS/daily_Ap/2019_SH_SSW/2019_SH_SSW__SWARM-C__legacy-MSIS-density-ratio__daily-Ap__linear-detrended__latitude-time.png
2020-2021_NH_SSW,SWARM-C,legacy MSIS,daily Ap,historical; do not use as formal standardized result,Figure/Ap_removal/2D_detrend_only_temp_ap_2021.png,reports/density_ratio_residual_figures/legacy_MSIS/daily_Ap/2020-2021_NH_SSW/2020-2021_NH_SSW__SWARM-C__legacy-MSIS-density-ratio__daily-Ap__linear-detrended__latitude-time.png
2020-2021_NH_SSW,SWARM-A,legacy MSIS,daily Ap,historical; do not use as formal standardized result,Figure/Ap_removal/2D_detrend_only_temp_ap_2021_SWARM-A.png,reports/density_ratio_residual_figures/legacy_MSIS/daily_Ap/2020-2021_NH_SSW/2020-2021_NH_SSW__SWARM-A__legacy-MSIS-density-ratio__daily-Ap__linear-detrended__latitude-time.png
2020-2021_NH_SSW,SWARM-B,legacy MSIS,daily Ap,historical; do not use as formal standardized result,Figure/Ap_removal/2D_detrend_only_temp_ap_2021_SWARM-B.png,reports/density_ratio_residual_figures/legacy_MSIS/daily_Ap/2020-2021_NH_SSW/2020-2021_NH_SSW__SWARM-B__legacy-MSIS-density-ratio__daily-Ap__linear-detrended__latitude-time.png
